{"cameraMode":{"drawMode":0,"name":"Shaded","section":"Shading Mode"},"sceneLighting":true,"audioPlay":false,"sceneViewState":{"showFog":true,"showMaterialUpdate":true,"showSkybox":true,"showFlares":true,"showImageEffects":true,"showParticleSystems":true},"in2DMode":false,"pivot":{"x":57.32846450805664,"y":461.34637451171877,"z":-38.569580078125},"rotation":{"x":0.18727803230285645,"y":-0.008840633556246758,"z":0.0016855478752404452,"w":0.9822658896446228},"size":303.719482421875,"orthographic":false}